{
  "algorithm": "grpo",
  "steps": 30,
  "regime": {
    "batch": 8,
    "num_samples": 8,
    "beta": 0.04,
    "lr": 1e-05,
    "dtype": "bfloat16"
  },
  "eval_n_completions": 128,
  "held_out_before": {
    "reward_mean": 0.8406184895833333,
    "reward_std": 0.16537150563246739,
    "reward_min": 0.09499999999999997,
    "reward_max": 1.0,
    "components": {
      "budget": 0.84765625,
      "groundedness": 0.98828125,
      "coverage": 0.5872395833333334,
      "quality_format": 0.998046875,
      "quality_comparison": 0.968359375
    },
    "hallucination_rate": 0.0234375,
    "n_completions": 128
  },
  "held_out_after": {
    "reward_mean": 0.8385042317708333,
    "reward_std": 0.16584098337410091,
    "reward_min": 0.25,
    "reward_max": 1.0,
    "components": {
      "budget": 0.81640625,
      "groundedness": 0.9921875,
      "coverage": 0.5833333333333334,
      "quality_format": 0.99853515625,
      "quality_comparison": 0.985546875
    },
    "hallucination_rate": 0.015625,
    "n_completions": 128
  },
  "reward_gain": -0.0021142578124999645,
  "final_kl": 0.58203125,
  "max_kl": 0.98828125,
  "kl_trajectory": [
    0.0,
    0.00860595703125,
    0.032958984375,
    0.044189453125,
    0.035888671875,
    0.061279296875,
    0.0869140625,
    0.051025390625,
    0.291015625,
    0.045166015625,
    0.061279296875,
    0.443359375,
    0.04345703125,
    0.01068115234375,
    0.11083984375,
    0.83984375,
    0.67578125,
    0.98828125,
    0.057373046875,
    0.8828125,
    0.302734375,
    0.00653076171875,
    0.021728515625,
    0.10546875,
    0.032958984375,
    0.010009765625,
    0.2177734375,
    0.98046875,
    0.03759765625,
    0.58203125
  ],
  "train_time_s": 224.5346610546112,
  "tokens_per_sec": 108.66919114134207,
  "peak_mem_gb": 7.271333888,
  "mean_rollout_reward_std": 0.09425636340268315,
  "stability_failures": 0,
  "step_metrics": [
    {
      "reward_mean": 0.998125,
      "reward_std": 0.004960783708246112,
      "kl": 0.0,
      "entropy": 0.8819766640663147,
      "grad_norm": 2.8227460384368896,
      "loss": -1.5218207138900652e-08,
      "clip_frac": 0.0,
      "ratio": 1.0,
      "step": 0
    },
    {
      "reward_mean": 0.7909375000000001,
      "reward_std": 0.27337570730361177,
      "kl": 0.00860595703125,
      "entropy": 1.4746041297912598,
      "grad_norm": 8.68066692352295,
      "loss": 0.00034469948150217533,
      "clip_frac": 0.0,
      "ratio": 1.0,
      "step": 1
    },
    {
      "reward_mean": 0.6625000000000001,
      "reward_std": 0.33749999999999997,
      "kl": 0.032958984375,
      "entropy": 1.5054492950439453,
      "grad_norm": 6.39538049697876,
      "loss": 0.0013184624258428812,
      "clip_frac": 0.0,
      "ratio": 1.0,
      "step": 2
    },
    {
      "reward_mean": 0.99625,
      "reward_std": 0.009921567416492224,
      "kl": 0.044189453125,
      "entropy": 1.1081849336624146,
      "grad_norm": 8.699685096740723,
      "loss": 0.0017697458388283849,
      "clip_frac": 0.0,
      "ratio": 1.0,
      "step": 3
    },
    {
      "reward_mean": 0.8354166666666667,
      "reward_std": 0.051832730435936364,
      "kl": 0.035888671875,
      "entropy": 1.4057284593582153,
      "grad_norm": 21.631988525390625,
      "loss": 0.001437201863154769,
      "clip_frac": 0.0,
      "ratio": 1.0,
      "step": 4
    },
    {
      "reward_mean": 0.875,
      "reward_std": 0.125,
      "kl": 0.061279296875,
      "entropy": 1.2811405658721924,
      "grad_norm": 4.545041084289551,
      "loss": 0.002449264982715249,
      "clip_frac": 0.0,
      "ratio": 1.0,
      "step": 5
    },
    {
      "reward_mean": 0.9479166666666666,
      "reward_std": 0.09258535851370406,
      "kl": 0.0869140625,
      "entropy": 1.4068067073822021,
      "grad_norm": 9.085724830627441,
      "loss": 0.003468765877187252,
      "clip_frac": 0.0,
      "ratio": 1.0,
      "step": 6
    },
    {
      "reward_mean": 0.875,
      "reward_std": 0.0,
      "kl": 0.051025390625,
      "entropy": 0.4371199905872345,
      "grad_norm": 0.8595141768455505,
      "loss": 0.0020353503059595823,
      "clip_frac": 0.0,
      "ratio": 1.0,
      "step": 7
    },
    {
      "reward_mean": 0.683984375,
      "reward_std": 0.10661057268856769,
      "kl": 0.291015625,
      "entropy": 1.57559335231781,
      "grad_norm": 6.78152322769165,
      "loss": 0.011674538254737854,
      "clip_frac": 0.0,
      "ratio": 1.0,
      "step": 8
    },
    {
      "reward_mean": 0.921875,
      "reward_std": 0.06051536478449089,
      "kl": 0.045166015625,
      "entropy": 0.6359091401100159,
      "grad_norm": 3.446791172027588,
      "loss": 0.0018039415590465069,
      "clip_frac": 0.0,
      "ratio": 1.0,
      "step": 9
    },
    {
      "reward_mean": 0.921875,
      "reward_std": 0.06051536478449089,
      "kl": 0.061279296875,
      "entropy": 0.9303048253059387,
      "grad_norm": 3.3793411254882812,
      "loss": 0.0024516810663044453,
      "clip_frac": 0.0,
      "ratio": 1.0,
      "step": 10
    },
    {
      "reward_mean": 0.793125,
      "reward_std": 0.21662088859341336,
      "kl": 0.443359375,
      "entropy": 1.5614718198776245,
      "grad_norm": 23.331645965576172,
      "loss": 0.017726046964526176,
      "clip_frac": 0.0,
      "ratio": 1.0,
      "step": 11
    },
    {
      "reward_mean": 0.8674999999999999,
      "reward_std": 0.012990381056766592,
      "kl": 0.04345703125,
      "entropy": 0.729803740978241,
      "grad_norm": 6.997854232788086,
      "loss": 0.0017408422427251935,
      "clip_frac": 0.0,
      "ratio": 1.0,
      "step": 12
    },
    {
      "reward_mean": 0.765625,
      "reward_std": 0.3391021002220423,
      "kl": 0.01068115234375,
      "entropy": 0.6607139110565186,
      "grad_norm": 2.005631446838379,
      "loss": 0.0004283839953131974,
      "clip_frac": 0.0,
      "ratio": 1.0,
      "step": 13
    },
    {
      "reward_mean": 0.8125,
      "reward_std": 0.10825317547305482,
      "kl": 0.11083984375,
      "entropy": 0.9637488126754761,
      "grad_norm": 3.41933274269104,
      "loss": 0.0044530401937663555,
      "clip_frac": 0.0,
      "ratio": 1.0,
      "step": 14
    },
    {
      "reward_mean": 0.890625,
      "reward_std": 0.04133986423538423,
      "kl": 0.83984375,
      "entropy": 1.4768671989440918,
      "grad_norm": 4.451315402984619,
      "loss": 0.03363411873579025,
      "clip_frac": 0.0,
      "ratio": 1.0,
      "step": 15
    },
    {
      "reward_mean": 0.8485416666666666,
      "reward_std": 0.20373157295678168,
      "kl": 0.67578125,
      "entropy": 1.377087116241455,
      "grad_norm": 6.627716541290283,
      "loss": 0.02706192620098591,
      "clip_frac": 0.0,
      "ratio": 1.0,
      "step": 16
    },
    {
      "reward_mean": 0.875,
      "reward_std": 0.0625,
      "kl": 0.98828125,
      "entropy": 1.5195720195770264,
      "grad_norm": 2.503556251525879,
      "loss": 0.03949761763215065,
      "clip_frac": 0.0,
      "ratio": 1.0,
      "step": 17
    },
    {
      "reward_mean": 0.93375,
      "reward_std": 0.10652904533506342,
      "kl": 0.057373046875,
      "entropy": 0.6800886988639832,
      "grad_norm": 1.7586747407913208,
      "loss": 0.002291921293362975,
      "clip_frac": 0.0,
      "ratio": 1.0,
      "step": 18
    },
    {
      "reward_mean": 0.8125,
      "reward_std": 0.10825317547305482,
      "kl": 0.8828125,
      "entropy": 1.4367539882659912,
      "grad_norm": 6.80182409286499,
      "loss": 0.03536171466112137,
      "clip_frac": 0.0,
      "ratio": 1.0,
      "step": 19
    },
    {
      "reward_mean": 0.6875,
      "reward_std": 0.0625,
      "kl": 0.302734375,
      "entropy": 0.9451331496238708,
      "grad_norm": 7.280245304107666,
      "loss": 0.012083617970347404,
      "clip_frac": 0.0,
      "ratio": 1.0,
      "step": 20
    },
    {
      "reward_mean": 1.0,
      "reward_std": 0.0,
      "kl": 0.00653076171875,
      "entropy": 0.28723764419555664,