{
  "algorithm": "ppo",
  "steps": 30,
  "regime": {
    "batch": 8,
    "num_samples": 8,
    "beta": 0.04,
    "lr": 1e-05,
    "dtype": "bfloat16"
  },
  "eval_n_completions": 128,
  "held_out_before": {
    "reward_mean": 0.8406184895833333,
    "reward_std": 0.16537150563246739,
    "reward_min": 0.09499999999999997,
    "reward_max": 1.0,
    "components": {
      "budget": 0.84765625,
      "groundedness": 0.98828125,
      "coverage": 0.5872395833333334,
      "quality_format": 0.998046875,
      "quality_comparison": 0.968359375
    },
    "hallucination_rate": 0.0234375,
    "n_completions": 128
  },
  "held_out_after": {
    "reward_mean": 0.8412451171875,
    "reward_std": 0.16476187421817193,
    "reward_min": 0.125,
    "reward_max": 1.0,
    "components": {
      "budget": 0.837890625,
      "groundedness": 0.98828125,
      "coverage": 0.603515625,
      "quality_format": 0.99267578125,
      "quality_comparison": 0.96640625
    },
    "hallucination_rate": 0.0234375,
    "n_completions": 128
  },
  "reward_gain": 0.0006266276041666519,
  "final_kl": 6.78125,
  "max_kl": 6.78125,
  "kl_trajectory": [
    0.0,
    0.00787353515625,
    0.01031494140625,
    0.01336669921875,
    0.005767822265625,
    0.1435546875,
    0.03564453125,
    0.04248046875,
    2.046875,
    0.349609375,
    2.46875,
    5.1875,
    1.078125,
    2.21875,
    1.296875,
    2.703125,
    0.32421875,
    3.53125,
    0.12451171875,
    1.9140625,
    0.515625,
    0.03759765625,
    0.1181640625,
    0.09765625,
    1.5546875,
    1.5546875,
    0.3359375,
    1.4765625,
    0.1298828125,
    6.78125
  ],
  "train_time_s": 231.88987135887146,
  "tokens_per_sec": 104.60137761886784,
  "peak_mem_gb": 7.29042688,
  "mean_rollout_reward_std": 0.08434786716764284,
  "stability_failures": 0,
  "step_metrics": [
    {
      "reward_mean": 0.998125,
      "reward_std": 0.004960783708246112,
      "kl": 0.0,
      "entropy": 0.8819766640663147,
      "grad_norm": 58.616981506347656,
      "loss": -1.0145471129874295e-08,
      "value_loss": 0.7971605658531189,
      "clip_frac": 0.0,
      "ratio": 1.0,
      "step": 0
    },
    {
      "reward_mean": 0.7918750000000001,
      "reward_std": 0.2739062054335389,
      "kl": 0.00787353515625,
      "entropy": 1.490624189376831,
      "grad_norm": 138.50477600097656,
      "loss": 0.0003149412805214524,
      "value_loss": 3.7743728160858154,
      "clip_frac": 0.0,
      "ratio": 1.0,
      "step": 1
    },
    {
      "reward_mean": 0.83125,
      "reward_std": 0.292283573777248,
      "kl": 0.01031494140625,
      "entropy": 1.2914272546768188,
      "grad_norm": 104.46321105957031,
      "loss": 0.00041263861930929124,
      "value_loss": 2.1324551105499268,
      "clip_frac": 0.0,
      "ratio": 1.0,
      "step": 2
    },
    {
      "reward_mean": 0.980625,
      "reward_std": 0.05126143165187645,
      "kl": 0.01336669921875,
      "entropy": 1.321812391281128,
      "grad_norm": 71.12094116210938,
      "loss": 0.0005348010454326868,
      "value_loss": 1.2909226417541504,
      "clip_frac": 0.0,
      "ratio": 1.0,
      "step": 3
    },
    {
      "reward_mean": 0.859375,
      "reward_std": 0.04133986423538423,
      "kl": 0.005767822265625,
      "entropy": 0.39255207777023315,
      "grad_norm": 17.053770065307617,
      "loss": 0.00023068983864504844,
      "value_loss": 0.06137925758957863,
      "clip_frac": 0.0,
      "ratio": 1.0,
      "step": 4
    },
    {
      "reward_mean": 0.875,
      "reward_std": 0.125,
      "kl": 0.1435546875,
      "entropy": 1.2238404750823975,
      "grad_norm": 62.61350631713867,
      "loss": 0.005733935162425041,
      "value_loss": 0.9390566349029541,
      "clip_frac": 0.0,
      "ratio": 1.0,
      "step": 5
    },
    {
      "reward_mean": 0.96875,
      "reward_std": 0.08267972847076846,
      "kl": 0.03564453125,
      "entropy": 0.4826430380344391,
      "grad_norm": 13.838479042053223,
      "loss": 0.0014256044523790479,
      "value_loss": 0.07552973926067352,
      "clip_frac": 0.0,
      "ratio": 1.0,
      "step": 6
    },
    {
      "reward_mean": 0.875,
      "reward_std": 0.0,
      "kl": 0.04248046875,
      "entropy": 0.36938637495040894,
      "grad_norm": 26.82267189025879,
      "loss": 0.001694731879979372,
      "value_loss": 0.14887769520282745,
      "clip_frac": 0.0,
      "ratio": 1.0,
      "step": 7
    },
    {
      "reward_mean": 0.71875,
      "reward_std": 0.08267972847076846,
      "kl": 2.046875,
      "entropy": 1.5854688882827759,
      "grad_norm": 90.43785858154297,
      "loss": 0.0820111483335495,
      "value_loss": 1.8066130876541138,
      "clip_frac": 0.0,
      "ratio": 1.0,
      "step": 8
    },
    {
      "reward_mean": 0.921875,
      "reward_std": 0.06051536478449089,
      "kl": 0.349609375,
      "entropy": 0.4178836941719055,
      "grad_norm": 13.308415412902832,
      "loss": 0.013934395276010036,
      "value_loss": 0.0472107008099556,
      "clip_frac": 0.0,
      "ratio": 1.0,
      "step": 9
    },
    {
      "reward_mean": 0.90625,
      "reward_std": 0.05412658773652741,
      "kl": 2.46875,
      "entropy": 0.8867492079734802,
      "grad_norm": 23.40508270263672,
      "loss": 0.0984051451086998,
      "value_loss": 0.12697990238666534,
      "clip_frac": 0.0,
      "ratio": 1.0,
      "step": 10
    },
    {
      "reward_mean": 0.761875,
      "reward_std": 0.21151148757218838,
      "kl": 5.1875,
      "entropy": 1.5189449787139893,
      "grad_norm": 84.02003479003906,
      "loss": 0.20710816979408264,
      "value_loss": 1.20400071144104,
      "clip_frac": 0.0,
      "ratio": 1.0,
      "step": 11
    },
    {
      "reward_mean": 0.8674999999999999,
      "reward_std": 0.012990381056766592,
      "kl": 1.078125,
      "entropy": 0.6356614828109741,
      "grad_norm": 17.104841232299805,
      "loss": 0.043049406260252,
      "value_loss": 0.1860235035419464,
      "clip_frac": 0.0,
      "ratio": 1.0,
      "step": 12
    },
    {
      "reward_mean": 0.859375,
      "reward_std": 0.28254908312539256,
      "kl": 2.21875,
      "entropy": 0.5337095260620117,
      "grad_norm": 29.53310203552246,
      "loss": 0.0888264924287796,
      "value_loss": 0.2290518581867218,
      "clip_frac": 0.0,
      "ratio": 1.0,
      "step": 13
    },
    {
      "reward_mean": 0.78125,
      "reward_std": 0.08267972847076846,
      "kl": 1.296875,
      "entropy": 0.6113988161087036,
      "grad_norm": 17.87941551208496,
      "loss": 0.051807306706905365,
      "value_loss": 0.06973577290773392,
      "clip_frac": 0.0,
      "ratio": 1.0,
      "step": 14
    },
    {
      "reward_mean": 0.88875,
      "reward_std": 0.04233423555469025,
      "kl": 2.703125,
      "entropy": 1.0322725772857666,
      "grad_norm": 17.003284454345703,
      "loss": 0.10825993865728378,
      "value_loss": 0.07131688296794891,
      "clip_frac": 0.0,
      "ratio": 1.0,
      "step": 15
    },
    {
      "reward_mean": 0.838125,
      "reward_std": 0.18294359615739492,
      "kl": 0.32421875,
      "entropy": 0.4978983700275421,
      "grad_norm": 22.678556442260742,
      "loss": 0.01298748329281807,
      "value_loss": 0.13456490635871887,
      "clip_frac": 0.0,
      "ratio": 1.0,
      "step": 16
    },
    {
      "reward_mean": 0.886875,
      "reward_std": 0.04387037012608852,
      "kl": 3.53125,
      "entropy": 1.2545379400253296,
      "grad_norm": 22.02196502685547,
      "loss": 0.14128923416137695,
      "value_loss": 0.24123358726501465,
      "clip_frac": 0.0,
      "ratio": 1.0,
      "step": 17
    },
    {
      "reward_mean": 0.93375,
      "reward_std": 0.10652904533506342,
      "kl": 0.12451171875,
      "entropy": 0.547068178653717,
      "grad_norm": 12.68576717376709,
      "loss": 0.0049552591517567635,
      "value_loss": 0.0661831870675087,
      "clip_frac": 0.0,
      "ratio": 1.0,
      "step": 18
    },
    {
      "reward_mean": 0.815625,
      "reward_std": 0.10675431782836702,