{
  "algorithm": "rloo",
  "steps": 30,
  "regime": {
    "batch": 8,
    "num_samples": 8,
    "beta": 0.04,
    "lr": 1e-05,
    "dtype": "bfloat16"
  },
  "eval_n_completions": 128,
  "held_out_before": {
    "reward_mean": 0.8406184895833333,
    "reward_std": 0.16537150563246739,
    "reward_min": 0.09499999999999997,
    "reward_max": 1.0,
    "components": {
      "budget": 0.84765625,
      "groundedness": 0.98828125,
      "coverage": 0.5872395833333334,
      "quality_format": 0.998046875,
      "quality_comparison": 0.968359375
    },
    "hallucination_rate": 0.0234375,
    "n_completions": 128
  },
  "held_out_after": {
    "reward_mean": 0.8427018229166666,
    "reward_std": 0.16352865347953474,
    "reward_min": 0.375,
    "reward_max": 1.0,
    "components": {
      "budget": 0.8125,
      "groundedness": 0.99609375,
      "coverage": 0.5885416666666666,
      "quality_format": 0.998046875,
      "quality_comparison": 0.976171875
    },
    "hallucination_rate": 0.0078125,
    "n_completions": 128
  },
  "reward_gain": 0.002083333333333326,
  "final_kl": 0.01531982421875,
  "max_kl": 0.2197265625,
  "kl_trajectory": [
    0.0,
    0.009033203125,
    0.00823974609375,
    0.0096435546875,
    0.03271484375,
    0.006256103515625,
    0.001922607421875,
    0.0012054443359375,
    0.1376953125,
    0.00640869140625,
    0.031982421875,
    0.2197265625,
    0.0177001953125,
    0.0230712890625,
    0.1396484375,
    0.130859375,
    0.1357421875,
    0.1826171875,
    0.01373291015625,
    0.046630859375,
    0.01202392578125,
    0.0023040771484375,
    0.003631591796875,
    0.006591796875,
    0.09521484375,
    0.11572265625,
    0.007080078125,
    0.05322265625,
    0.00579833984375,
    0.01531982421875
  ],
  "train_time_s": 233.2390878200531,
  "tokens_per_sec": 106.36296099365508,
  "peak_mem_gb": 7.271333888,
  "mean_rollout_reward_std": 0.09996821366761388,
  "stability_failures": 0,
  "step_metrics": [
    {
      "reward_mean": 0.998125,
      "reward_std": 0.004960783708246112,
      "kl": 0.0,
      "entropy": 0.8819766640663147,
      "grad_norm": 0.015905974432826042,
      "loss": 1.1889224327266135e-10,
      "clip_frac": 0.0,
      "ratio": 1.0,
      "step": 0
    },
    {
      "reward_mean": 0.7909375000000001,
      "reward_std": 0.27337570730361177,
      "kl": 0.009033203125,
      "entropy": 1.4538599252700806,
      "grad_norm": 2.6759183406829834,
      "loss": 0.0003617747570388019,
      "clip_frac": 0.0,
      "ratio": 1.0,
      "step": 1
    },
    {
      "reward_mean": 0.83125,
      "reward_std": 0.292283573777248,
      "kl": 0.00823974609375,
      "entropy": 1.4991087913513184,
      "grad_norm": 9.829507827758789,
      "loss": 0.0003302099648863077,
      "clip_frac": 0.0,
      "ratio": 1.0,
      "step": 2
    },
    {
      "reward_mean": 0.980625,
      "reward_std": 0.04111246009423421,
      "kl": 0.0096435546875,
      "entropy": 1.3978677988052368,
      "grad_norm": 0.5992588400840759,
      "loss": 0.00038632130599580705,
      "clip_frac": 0.0,
      "ratio": 1.0,
      "step": 3
    },
    {
      "reward_mean": 0.8354166666666667,
      "reward_std": 0.051832730435936364,
      "kl": 0.03271484375,
      "entropy": 1.3986214399337769,
      "grad_norm": 0.45718592405319214,
      "loss": 0.0013097079936414957,
      "clip_frac": 0.0,
      "ratio": 1.0,
      "step": 4
    },
    {
      "reward_mean": 0.875,
      "reward_std": 0.125,
      "kl": 0.006256103515625,
      "entropy": 1.0685087442398071,
      "grad_norm": 0.6272135972976685,
      "loss": 0.0002506868913769722,
      "clip_frac": 0.0,
      "ratio": 1.0,
      "step": 5
    },
    {
      "reward_mean": 0.96875,
      "reward_std": 0.08267972847076846,
      "kl": 0.001922607421875,
      "entropy": 0.553227424621582,
      "grad_norm": 0.12585702538490295,
      "loss": 7.6836280641146e-05,
      "clip_frac": 0.0,
      "ratio": 1.0,
      "step": 6
    },
    {
      "reward_mean": 0.875,
      "reward_std": 0.0,
      "kl": 0.0012054443359375,
      "entropy": 0.39304661750793457,
      "grad_norm": 0.008393444120883942,
      "loss": 4.827240263693966e-05,
      "clip_frac": 0.0,
      "ratio": 1.0,
      "step": 7
    },
    {
      "reward_mean": 0.71875,
      "reward_std": 0.08267972847076846,
      "kl": 0.1376953125,
      "entropy": 1.4621366262435913,
      "grad_norm": 1.57084059715271,
      "loss": 0.005493830423802137,
      "clip_frac": 0.0,
      "ratio": 1.0,
      "step": 8
    },
    {
      "reward_mean": 0.921875,
      "reward_std": 0.06051536478449089,
      "kl": 0.00640869140625,
      "entropy": 0.8154807686805725,
      "grad_norm": 0.09115265309810638,
      "loss": 0.0002553268859628588,
      "clip_frac": 0.0,
      "ratio": 1.0,
      "step": 9
    },
    {
      "reward_mean": 0.921875,
      "reward_std": 0.06051536478449089,
      "kl": 0.031982421875,
      "entropy": 0.9560184478759766,
      "grad_norm": 0.36151227355003357,
      "loss": 0.0012795255752280354,
      "clip_frac": 0.0,
      "ratio": 1.0,
      "step": 10
    },
    {
      "reward_mean": 0.761875,
      "reward_std": 0.21151148757218838,
      "kl": 0.2197265625,
      "entropy": 1.5845937728881836,
      "grad_norm": 4.200756072998047,
      "loss": 0.008778085932135582,
      "clip_frac": 0.0,
      "ratio": 1.0,
      "step": 11
    },
    {
      "reward_mean": 0.8674999999999999,
      "reward_std": 0.012990381056766592,
      "kl": 0.0177001953125,
      "entropy": 0.7494568228721619,
      "grad_norm": 0.14711393415927887,
      "loss": 0.0007064229575917125,
      "clip_frac": 0.0,
      "ratio": 1.0,
      "step": 12
    },
    {
      "reward_mean": 0.875,
      "reward_std": 0.28641098093474,
      "kl": 0.0230712890625,
      "entropy": 0.9152032732963562,
      "grad_norm": 1.0432935953140259,
      "loss": 0.0009187065879814327,
      "clip_frac": 0.0,
      "ratio": 1.0,
      "step": 13
    },
    {
      "reward_mean": 0.8125,
      "reward_std": 0.10825317547305482,
      "kl": 0.1396484375,
      "entropy": 1.3400068283081055,
      "grad_norm": 0.5057770609855652,
      "loss": 0.00558961508795619,
      "clip_frac": 0.0,
      "ratio": 1.0,
      "step": 14
    },
    {
      "reward_mean": 0.88875,
      "reward_std": 0.04233423555469025,
      "kl": 0.130859375,
      "entropy": 1.2750499248504639,
      "grad_norm": 0.866572916507721,
      "loss": 0.005233731120824814,
      "clip_frac": 0.0,
      "ratio": 1.0,
      "step": 15
    },
    {
      "reward_mean": 0.8329166666666666,
      "reward_std": 0.19616948100501716,
      "kl": 0.1357421875,
      "entropy": 1.3674427270889282,
      "grad_norm": 1.8122836351394653,
      "loss": 0.005428295116871595,
      "clip_frac": 0.0,
      "ratio": 1.0,
      "step": 16
    },
    {
      "reward_mean": 0.796875,
      "reward_std": 0.21594179626695711,
      "kl": 0.1826171875,
      "entropy": 1.4003256559371948,
      "grad_norm": 3.2829651832580566,
      "loss": 0.007285831496119499,
      "clip_frac": 0.0,
      "ratio": 1.0,
      "step": 17
    },
    {
      "reward_mean": 0.904375,
      "reward_std": 0.11967240440051331,
      "kl": 0.01373291015625,
      "entropy": 1.003602385520935,
      "grad_norm": 0.7686510682106018,
      "loss": 0.000547978444956243,
      "clip_frac": 0.0,
      "ratio": 1.0,
      "step": 18
    },
    {
      "reward_mean": 0.8125,
      "reward_std": 0.10825317547305482,
      "kl": 0.046630859375,
      "entropy": 1.1759639978408813,
      "grad_norm": 1.1040242910385132,
      "loss": 0.0018623598152771592,
      "clip_frac": 0.0,
      "ratio": 1.0,
      "step": 19
    },
    {
      "reward_mean": 0.671875,
      "reward_std": 0.06051536478449089,
      "kl": 0.01202392578125,
      "entropy": 0.8935996294021606,
      "grad_norm": 0.5753483772277832,
      "loss": 0.0004839797329623252,
      "clip_frac": 0.0,
      "ratio": 1.0,
      "step": 20
    },
    {
      "reward_mean": 0.9825,