{
  "algorithm": "grpo",
  "steps": 4,
  "regime": {
    "batch": 4,
    "num_samples": 4,
    "beta": 0.04,
    "lr": 1e-05,
    "dtype": "float32"
  },
  "eval_n_completions": 8,
  "held_out_before": {
    "reward_mean": 0.635625,
    "reward_std": 0.19432877263802187,
    "reward_min": 0.34500000000000003,
    "reward_max": 0.845,
    "components": {
      "budget": 0.75,
      "groundedness": 1.0,
      "coverage": 0.375,
      "quality_format": 0.5625,
      "quality_comparison": 0.2
    },
    "hallucination_rate": 0.0,
    "n_completions": 8
  },
  "held_out_after": {
    "reward_mean": 0.6309375,
    "reward_std": 0.19479932582981388,
    "reward_min": 0.34500000000000003,
    "reward_max": 0.845,
    "components": {
      "budget": 0.75,
      "groundedness": 1.0,
      "coverage": 0.375,
      "quality_format": 0.53125,
      "quality_comparison": 0.2
    },
    "hallucination_rate": 0.0,
    "n_completions": 8
  },
  "reward_gain": -0.004687499999999956,
  "final_kl": 8.791685104370117e-07,
  "max_kl": 1.296401023864746e-06,
  "kl_trajectory": [
    0.0,
    9.934107758624577e-09,
    1.296401023864746e-06,
    8.791685104370117e-07
  ],
  "train_time_s": 371.72971510887146,
  "tokens_per_sec": 1.033008619952631,
  "peak_mem_gb": NaN,
  "gpu": {
    "available": false,
    "reason": "no CUDA device"
  },
  "mean_rollout_reward_std": 0.004059494080239566,
  "stability_failures": 0,
  "step_metrics": [
    {
      "reward_mean": 0.604375,
      "reward_std": 0.016237976320958265,
      "kl": 0.0,
      "entropy": 0.016789445653557777,
      "grad_norm": 2.674607038497925,
      "loss": 2.7939677238464355e-08,
      "clip_frac": 0.0,
      "ratio": 1.0,
      "reward_budget": 1.0,
      "reward_groundedness": 1.0,
      "reward_coverage": 0.0,
      "reward_quality_format": 0.5625,
      "reward_quality_comparison": 0.2,
      "hallucination_rate": 0.0,
      "step": 0
    },
    {
      "reward_mean": 0.845,
      "reward_std": 0.0,
      "kl": 9.934107758624577e-09,
      "entropy": 0.0009333426714874804,
      "grad_norm": 2.996050625370117e-07,
      "loss": 3.9736428036896143e-10,
      "clip_frac": 0.0,
      "ratio": 1.0,
      "reward_budget": 1.0,
      "reward_groundedness": 1.0,
      "reward_coverage": 1.0,
      "reward_quality_format": 0.5,
      "reward_quality_comparison": 0.2,
      "hallucination_rate": 0.0,
      "step": 1
    },
    {
      "reward_mean": 0.595,
      "reward_std": 0.0,
      "kl": 1.296401023864746e-06,
      "entropy": 0.0031481406185775995,
      "grad_norm": 2.490688711986877e-05,
      "loss": 5.185603768609326e-08,
      "clip_frac": 0.0,
      "ratio": 1.0,
      "reward_budget": 1.0,
      "reward_groundedness": 1.0,
      "reward_coverage": 0.0,
      "reward_quality_format": 0.5,
      "reward_quality_comparison": 0.2,
      "hallucination_rate": 0.0,
      "step": 2
    },
    {
      "reward_mean": 0.595,
      "reward_std": 0.0,
      "kl": 8.791685104370117e-07,
      "entropy": 0.0008867569849826396,
      "grad_norm": 4.453230758372229e-06,
      "loss": 3.516673885428645e-08,
      "clip_frac": 0.0,
      "ratio": 1.0,
      "reward_budget": 1.0,
      "reward_groundedness": 1.0,
      "reward_coverage": 0.0,
      "reward_quality_format": 0.5,
      "reward_quality_comparison": 0.2,
      "hallucination_rate": 0.0,
      "step": 3
    }
  ]
}